move,player,strategy,column,score,gpu_ms,work
1,1,mc,3,0.7434,0.603,458752
2,2,minimax,3,2.0000,0.182,823543
3,1,mc,4,0.8220,0.518,458752
4,2,minimax,2,2.0000,0.256,823543
5,1,mc,6,0.9086,0.435,458752
6,2,minimax,5,6.0000,0.237,823543
7,1,mc,4,0.4970,0.444,458752
8,2,minimax,4,10.0000,0.257,823543
9,1,mc,6,0.3716,0.404,458752
10,2,minimax,3,19.0000,0.312,823543
11,1,mc,6,0.8714,0.319,458752
12,2,minimax,6,17.0000,0.227,823543
13,1,mc,3,0.1630,0.353,458752
14,2,minimax,2,25.0000,0.239,823543
15,1,mc,4,0.2880,0.311,458752
16,2,minimax,2,99995.0000,0.241,823543
17,1,mc,2,0.0827,0.119,458752
18,2,minimax,5,99997.0000,0.231,823543
19,1,mc,3,0.0000,0.022,458752
20,2,minimax,5,99999.0000,0.179,823543
